Population Size,Life Span,Max Generations,Maze Size
50,30,200,50

Current Generation,Best Rat's Starting Position,Best DNA,Best Fitness Score,Best Reached Goal,Average Fitness Score,% Pop Reached Goal
1,25.0,RRRRRRRLRRLRRRLRLRRRLRLRRLLLLR,3.5,False,2.4319999999999995,0.0%
2,25.0,RRRRRRRLRRLRRRLRRRRRLRRRRLLLLR,3.9,False,2.6,0.0%
3,25.0,RRRLRLRRRRRRLLRRRRRRRRLLLRRLLR,3.7,False,2.7599999999999993,0.0%
4,25.0,RRRLRLRRRRRRLLRRRRRRRRLLLRRRLR,3.9,False,2.923999999999999,0.0%
5,25.0,RRRLRLRRRRRRLLRRRRRRRRLLLRRRLR,3.9,False,3.031999999999999,0.0%
6,25.0,RRRLRRRRRRRRLLRRRRRRRRLLRRLRLL,3.9,False,3.032,0.0%
7,25.0,RRLRRRRRRRRRRLRRLRRRRLLRRRRRLR,4.3,False,3.036,0.0%
8,25.0,RRLRRRRRRRRRRLRRLRRRRRLRRRRRLR,4.5,False,3.2560000000000002,0.0%
9,25.0,RRRRRRRRRRRRLLRRRRRRRRLRRLRRRR,4.7,False,3.2719999999999994,0.0%
10,25.0,RRRRRRRRRRRRLLRRRRRRRLLRRRRRLL,4.3,False,3.2679999999999993,0.0%
11,25.0,RRLRRRRRRRRRRLRRRRLRRLRRLRRLLR,4.1,False,3.332000000000001,0.0%
12,25.0,RRRLRLRRRRRRLLRRRRRRRLLRRRRRRL,4.1,False,3.3679999999999994,0.0%
13,25.0,RRRRRLRRRRRRLLRLRRLRRRLLRRRLRR,3.9,False,3.3560000000000003,0.0%
14,25.0,RRRLRRRRRRRRRLRRLRRRRLLRRRRRLR,4.3,False,3.316000000000001,0.0%
15,25.0,RRRLRRRRLRRLRLRRRRRRRRLRRRRRLR,4.3,False,3.3079999999999994,0.0%
16,25.0,RRLRRLRRRRRRLLRRLRRRRLLRRRRRRR,4.1,False,3.364,0.0%
17,25.0,RLRRRRRRLRRRRRRRLLRRRRLLRRRRRR,4.3,False,3.312000000000001,0.0%
18,25.0,RRRRRLRRRRRRRLRRRRRRRRLRLLLRRL,4.1,False,3.3160000000000003,0.0%
19,25.0,RRLRRRRRRRRRLRRRRLRRRRLLRRRRRL,4.3,False,3.4760000000000013,0.0%
20,25.0,RRLRRRRRRRRRLRRRRLRRRLLRRLRRLR,4.1,False,3.3920000000000003,0.0%
21,25.0,RRLLLLRRLRRRLRRRRRRRRRLLRRRRRR,3.9,False,3.4119999999999995,0.0%
22,25.0,RRRRRLRRRRRRLRRRRLRRRLLRLRRRRR,4.3,False,3.4920000000000004,0.0%
23,25.0,RRLRRRRRRRRRLLRRRRRRRRLRRLLRRL,4.1,False,3.492,0.0%
24,25.0,RRLRRRRRRRRRLLRRRRRRRRLRLRLRRL,4.1,False,3.5120000000000005,0.0%
25,25.0,RRRRRRRRRRRRLRRRRLRRRLLRLRRRRR,4.5,False,3.5959999999999996,0.0%
26,25.0,RRLRRRRLRRRRRRRRRRRRRLLRLRRRRR,4.5,False,3.5680000000000005,0.0%
27,25.0,RRLLRRRRRRRRRRRRRRRRRRLRRLLRRL,4.3,False,3.495999999999999,0.0%
28,25.0,RRLRRRRRRRRRRRRRRRRRRRLRRLLRRL,4.5,False,3.5359999999999996,0.0%
29,25.0,RRLLRRRRRRRRRRRRRRRRRRLRRLLRRR,4.5,False,3.5520000000000005,0.0%
30,25.0,RRLRRRLRRRRRRRRRRRRRRRLRLLLRRL,4.1,False,3.567999999999999,0.0%
31,25.0,RLLLRRRRRRRRRRRRRRRRRRLRRLLRRL,4.1,False,3.580000000000001,0.0%
32,25.0,RRLLRRRRRRRRRRRRRRRRLRLLRLRRRR,4.3,False,3.5520000000000005,0.0%
33,25.0,RRLLRRRRRRRRRRRRRRRRRRLRRLLRRL,4.3,False,3.5639999999999996,0.0%
34,25.0,RRRLRRRRRRRRRRRRRRLRRRLRLLRRRR,4.5,False,3.6,0.0%
35,25.0,RRRRRRRRLRRRLRLRLLRRRRLRRRRRRR,4.3,False,3.6599999999999993,0.0%
36,25.0,RRLLRRRRRRRRRRRRRRRRRRLRRLLRRR,4.5,False,3.596000000000001,0.0%
37,25.0,LRRRRRRRRRRRRRLRRLLRRRLRRRRRRL,4.3,False,3.5200000000000005,0.0%
38,25.0,RRRRLRRRRRRRRRLRRLLRRRLRRRRRRL,4.3,False,3.5040000000000013,0.0%
39,25.0,RRRLRRRRRRRRRRRRRRRRRRLRRLLRRL,4.5,False,3.48,0.0%
40,25.0,RRRRRRRRRRRRRRLRRLLRRRLRRRRRLL,4.3,False,3.5480000000000014,0.0%
41,25.0,RRLRRRRRRRRRRRRRRRRLRRRLRLRLRL,4.3,False,3.468000000000001,0.0%
42,25.0,RRLRRRRRRRRRRRRRRRRLRRRLRLRRRL,4.5,False,3.52,0.0%
43,25.0,RRLRRRRRRRRRRRRRRRRLRRRRRLRRRL,4.7,False,3.5159999999999996,0.0%
44,25.0,RRRRLRRRRRRRRRRRRRRLRRRRRLRRRL,4.7,False,3.648,0.0%
45,25.0,RRRRRRRRRRRRRRRRRRRLRRRLRLRLRL,4.5,False,3.6680000000000006,0.0%
46,25.0,RRRRRRRRRRLRRRRRRRRLRRRLRLRRRL,4.5,False,3.7119999999999997,0.0%
47,25.0,RRLRRRRRRRRRRRRRRRRLRRRLRLRRRR,4.7,False,3.703999999999999,0.0%
48,25.0,RRRRRRRRRRRRRRRRRRRLRRRLRLRRRR,4.9,False,3.7640000000000002,0.0%
49,25.0,RRRRRRRRRRRRRRRRRRRLRRRLRLRRRL,4.7,False,3.784,0.0%
50,25.0,RRLRRRRLRRRRRRRRRRRRRRRLRLRRRL,4.5,False,3.7920000000000016,0.0%
51,25.0,RRLRRRRRRLRRRRRRRRRLRRRLRLRRRL,4.3,False,3.7199999999999993,0.0%
52,25.0,RRRRRRRRRLRRRRRRRRRLRRRLRLRRRR,4.7,False,3.759999999999999,0.0%
53,25.0,RRRRRRRRRLRRRRRRRRRLRRRLRLRRRR,4.7,False,3.744000000000001,0.0%
54,25.0,RRRRRRRRRLRRRRRRRRRLLRRRRRRRRL,4.7,False,3.7600000000000007,0.0%
55,25.0,RRRRRRRRRLRRRRRRRRRLLRRRRRRRRL,4.7,False,3.7320000000000007,0.0%
56,25.0,RRRRRRRLRRRRRRRRRRRRLRRRRLRLRR,4.7,False,3.8000000000000007,0.0%
57,25.0,LRRRRRRLRRRRRRRRRRRRLRRRRLRLRR,4.5,False,3.7599999999999985,0.0%
58,25.0,RRLRRRRLRRRRRRRRRRRRLRRRRLRLRR,4.5,False,3.7279999999999998,0.0%
59,25.0,RRLRRRRRRLRRRRRLRRRLRRRRRRRRRL,4.5,False,3.8560000000000003,0.0%
60,25.0,RRRRRRRLRRRRRRRRRRRRRRRLRLRRRL,4.7,False,3.800000000000001,0.0%
61,25.0,RRRRRRRLRRRRRRRRRRRRLRRRRLRRRR,4.9,False,3.8279999999999994,0.0%
62,25.0,RRRRRRRLRRRRRRRRRRRRLRRRRLRRRR,4.9,False,3.7920000000000003,0.0%
63,25.0,RRRRRRRRRRRRRRRRRRRRLRRRRLRRLL,4.7,False,3.8439999999999994,0.0%
64,25.0,RRRRRRRRRRRRRRRLRRRLRRRRRLRRRL,4.7,False,3.836000000000001,0.0%
65,25.0,RRRRRRRLLRRRRRRRRRRRLRRRRLRRRR,4.7,False,3.8040000000000007,0.0%
66,25.0,RRRRRRRRRRRRRRRRRRRRLRRLRLRRRL,4.7,False,3.8320000000000003,0.0%
67,25.0,RRRRRRRRRRRRRRRRRRRRLRRLRLRRRL,4.7,False,3.903999999999999,0.0%
68,25.0,RRRRRRRLLRRRRRRRRRRRLRRRRLLRRR,4.5,False,3.884000000000002,0.0%
69,25.0,RRRRLRRRRRRRRRRRRRRLRRRRRLRRRL,4.7,False,3.9199999999999995,0.0%
70,25.0,RRLRRRRRRLRRRRRRRRRRLRRRRLLRRR,4.5,False,3.8520000000000003,0.0%
71,25.0,RRRRRRRRRLRRRRRRRRRRLRRRRLLRRR,4.7,False,3.832,0.0%
72,25.0,RRRRRRRRRLRRRRRRRRRLRRRRRLRRRL,4.7,False,3.8680000000000003,0.0%
73,25.0,RRRRRRRRRRRRRRRLRRRLRRRRRLLRRR,4.7,False,3.8080000000000003,0.0%
74,25.0,RRRRRRRRRLRRRRRRRRRRRRRRRLLRRL,4.7,False,3.856,0.0%
75,25.0,RRRRRRRLRRRRRRRRRRRLRRRRRLRLRR,4.7,False,3.895999999999999,0.0%
76,25.0,RRRRRRRLLRRLRRRRRRRRRRRLRRLRRR,4.5,False,3.944,0.0%
77,25.0,RRRRRRRRRRRLRRRRRRRRRRRRRLLRRL,4.7,False,3.9359999999999995,0.0%
78,25.0,RRRRRRRRLRRLRRRRRRRRRRRRRRRLRL,4.7,False,3.88,0.0%
79,25.0,RRRRRRRRRRRRRRRRRRRLRRRLRLLRRR,4.7,False,3.8919999999999995,0.0%
80,25.0,RRRRRRRRRRRRRRRRRRRLRRRLRRRLRR,4.9,False,3.964000000000001,0.0%
81,25.0,RRRRRRRRRRRRRRRRRRRLRRRRLRRRRR,5.0,True,3.962000000000001,2.0%
82,25.0,RRRRRRRRRRRRRRRRRRRLRRRRLRRRRR,5.0,True,3.974,2.0%
83,25.0,RRRRRRRRRRRRRRRRRRRLLRRRRRLRRR,4.9,False,3.94,0.0%
84,25.0,RRRRRRRRRLRRRRRRRRRLLRRRRRRRRR,4.9,False,3.8640000000000003,0.0%
85,25.0,RRRRRRRRRLRRRRRRRRRLRRRRRRRRRL,5.0,True,3.7800000000000007,4.0%
86,25.0,RRRRRRRLRRRLRRLRRLRLRRRRRRRRRR,4.5,False,3.752000000000002,0.0%
87,25.0,RLRRRRRRRRRRRRRRRRRLRRRRRLRLLR,4.5,False,3.7719999999999994,0.0%
88,25.0,RRRRRRRRLRRRRRRRRLRLRRRRRRRRRR,4.9,False,3.8040000000000007,0.0%
89,25.0,RRRRRRRRLRRRRRRRRLRLRRRRRRRRRR,4.9,False,3.8520000000000003,0.0%
90,25.0,RRRRRRRRLRRRRRRRRLRLRRRRRRRRRR,4.9,False,3.8839999999999986,0.0%
91,25.0,RRRLRRRRRRRRRRRLRLRRRRRRRRLRRR,4.7,False,3.9400000000000004,0.0%
92,25.0,RRRLRRRRRRRRRRRLRLRRRRRRRRLRRR,4.7,False,3.9920000000000004,0.0%
93,25.0,RRRLRRRLRLRRRRRRLRRRRRRRRRLRRR,4.5,False,3.927999999999999,0.0%
94,25.0,RRRRRRRRLRRRLRRRRLRRRRRRRLRLRR,4.5,False,3.8160000000000003,0.0%
95,25.0,RRRRRRRRLRRRLRRRRRRRRRRRRLRLRR,4.7,False,3.819999999999999,0.0%
96,25.0,RRRRRRLLRRRRRRRRLRRRRRRRRRLRRR,4.7,False,3.888,0.0%
97,25.0,RRRRRRRRLRRRLRRRRLLRRRRRRRRLRR,4.5,False,3.9000000000000012,0.0%
98,25.0,RRRRRRRRLRRRLRRRRRRRRRRRRRLLRR,4.7,False,3.896000000000001,0.0%
99,25.0,RRRRRRRRLRRRLRRRRRRRRRRRRRRRRR,5.0,True,3.9740000000000015,2.0%
100,25.0,RRRRRRRRLRRRLRRRRRRRRRRRRRRRRR,5.0,True,3.988,4.0%
101,25.0,RRRRRRRRLRRRLRRRRRRRRRRRRRRRRR,5.0,True,3.9739999999999993,2.0%
102,25.0,RRRRRRRRLRRRLRRRRRRRRRRRRRRRRR,5.0,True,3.9459999999999993,2.0%
103,25.0,RRRRRRRRLRRRRRRRRRLRRRRRRRRLRR,4.9,False,4.024000000000001,0.0%
104,25.0,RRRRRLRRRRRRLRRRRLRLRRRRRRRRRR,4.7,False,3.9280000000000013,0.0%
105,25.0,RRRRRRRRRRRRRRRRRLLRRRRLRRRRRL,4.7,False,3.8480000000000003,0.0%
106,25.0,RRRRRRRLRLRRRRRRLRRRRLRRRRLRRR,4.5,False,3.748,0.0%
107,25.0,RRRLRRRLRRRRRRRRRLLRRRRRRRRRLR,4.5,False,3.68,0.0%
108,25.0,RRRLRRRRRRRRRRRRRLRRRRRRRRLLLR,4.5,False,3.744000000000001,0.0%
109,25.0,RLRRRRRRRRRRRRRLLRRRRRRRRRLRRR,4.7,False,3.7560000000000007,0.0%
110,25.0,RRRRRRRRLRRRRRRRRRRRRLRRRLLRRR,4.7,False,3.72,0.0%
111,25.0,RRRLRRRLRRRRLRRRRLRRRLRRRRRRRR,4.5,False,3.7720000000000002,0.0%
112,25.0,RRRLRRRLRRRRLRLRRRRRRRRRRRLRRR,4.5,False,3.728,0.0%
113,25.0,RRRLRRRLRRRLLRLRRRRRRRRRRRRRRR,4.5,False,3.7800000000000007,0.0%
114,25.0,RRRRRRLLRLRLRRLRRRRRRRRRRRRRRR,4.5,False,3.7520000000000007,0.0%
115,25.0,RRRRRLRRRRRRRRRRRLRRRRRRRRRLLR,4.7,False,3.756,0.0%
116,25.0,RRRLRRRLRRRRRRRRRRLRRRRRRRRRRL,4.7,False,3.8400000000000007,0.0%
117,25.0,RRRRRRRLRRRRRRRRRLRRRRRRRRRRRL,5.0,True,3.7740000000000005,2.0%
118,25.0,RRRRRRRLRRRRRRRRRLRRRRRRRLRRRL,4.7,False,3.8000000000000007,0.0%
119,25.0,LRRRLRRLRRRRRRRRRRRLRRRRRRRRRR,4.7,False,3.7120000000000006,0.0%
120,25.0,LRRRLRRLRRRRLRRRRRRRRRRRRRLRRR,4.5,False,3.704,0.0%
121,25.0,LLRRRRRRRRRRRRRRRRRLRRRRRLRRRL,4.5,False,3.6919999999999984,0.0%
122,25.0,LLRRRRRRRRRRRRRRRRRLRRRRRLRRRL,4.5,False,3.5919999999999983,0.0%
123,25.0,LLRRRRRLRRRRRRRRRRRLRRRRRRRRLR,4.5,False,3.6000000000000005,0.0%
124,25.0,LRRRRRRRRRRRRRRRRLLLRRRRRLRRRR,4.5,False,3.5359999999999996,0.0%
125,25.0,LRRRRRRRRRRRRRRRRLLRRRRRRRRRRL,4.7,False,3.4520000000000017,0.0%
126,25.0,RLRRRRRRRRRRRRRRRLLRRRRRRLRRRL,4.5,False,3.66,0.0%
127,25.0,RRRRRRRRRRRRRRRRRLLRRRRRRLRRRL,4.7,False,3.6959999999999984,0.0%
128,25.0,RRRRRRRRRRRRLRRRRLLRRRRRRRRRLR,4.7,False,3.6679999999999997,0.0%
129,25.0,RLRRRRRRRRRRRRRRRLRLRRRLRRRRRR,4.7,False,3.8,0.0%
130,25.0,RRLRRRRRRRRRRRRRRLRLRRRLRRRRRR,4.7,False,3.8119999999999994,0.0%
131,25.0,RRRRLRRRRRRRRRRRRLLRRRRRRLRRRR,4.7,False,3.9279999999999995,0.0%
132,25.0,RLRRRRRRRRRRRRRRRLLRRRRRRLRRRR,4.7,False,3.8640000000000003,0.0%
133,25.0,RRRRRRRRRRRRRRRRRRLLRRRLRRRRRR,4.9,False,3.8680000000000003,0.0%
134,25.0,RLRRRRRRRRRRRRRRRLLRRRRRRLRRRR,4.7,False,3.7239999999999998,0.0%
135,25.0,RLRRRRRRRRRRRRRRRLLRRRRRRLRRRR,4.7,False,3.8080000000000007,0.0%
136,25.0,LRRRRRRRRRRRRRRRRLLRRRRRRLRRRR,4.7,False,3.904,0.0%
137,25.0,RRLRRRRRRRRRRRRRRRLRRRLRRRRLRR,4.7,False,3.9279999999999995,0.0%
138,25.0,RRLRRRRRRRRRRRRRRRLRRRLRRRRLRR,4.7,False,3.912,0.0%
139,25.0,RRLRRRRRRRRRRRRRRRLRRRLRRRRLRR,4.7,False,3.9040000000000017,0.0%
140,25.0,RRRRRRRRRRRRRLRRRRLLRRRLRRRRRR,4.7,False,3.879999999999999,0.0%
141,25.0,RRLRRRRRRRRRRRRRRRLRRRLRRRRLRR,4.7,False,3.856,0.0%
142,25.0,RRRRRRRRRRRLRRRRRRLRRLRRRRRRLR,4.7,False,3.9000000000000012,0.0%
143,25.0,RRRRRRRRRRLRRRRRRRLLRRRLRLRRRR,4.5,False,3.8680000000000003,0.0%
144,25.0,RRRRRRRRRRLRRRRRRRLLRRRRRLRRRR,4.7,False,3.9040000000000017,0.0%
145,25.0,RRRLRRRRRRRRRRRRRRLRRLRRRRRRLR,4.7,False,3.8960000000000004,0.0%
146,25.0,RRRRRRRLRRRRRRRRRRLRRRRRRLRLLR,4.5,False,3.7840000000000016,0.0%
147,25.0,RRRRRRRRRRRRRRRRRRLLRRRRLLRRLR,4.5,False,3.636000000000001,0.0%
148,25.0,RRRRRRRRRRRRRRRRRRLRRRRRRLRLLR,4.7,False,3.7040000000000015,0.0%
149,25.0,RRLRRRRRRRRRRRRRRRLLRRRLRRLRRR,4.5,False,3.728,0.0%
150,25.0,RRRLRRRRRRRRRRRRRRLLRRRLRRRRRL,4.5,False,3.7239999999999998,0.0%
151,25.0,RRLRRRRRRRRRRRRRRRLRRLRLRRRRRL,4.5,False,3.772,0.0%
152,25.0,RRLRRRRRRRRRRRRRRLLRRRRLRRRRRL,4.5,False,3.748000000000002,0.0%
153,25.0,RLRRRRRLRRRRRRRRRRLRRRRRRRRRRL,4.7,False,3.7000000000000006,0.0%
154,25.0,RLRRRRRLRRRRRRRRRRLRRRRLRRRRRL,4.5,False,3.636,0.0%
155,25.0,RRRRRRRRLRLRRRRRRRLRRRRRLRRRRL,4.5,False,3.6639999999999993,0.0%
156,25.0,RRLRRRRRRRRRRRRRRRRRLRLLRRRRRL,4.5,False,3.6719999999999993,0.0%
157,25.0,RRLRRRLRRRRRRRRRRRLRRRRLRRRRRL,4.5,False,3.7640000000000016,0.0%
158,25.0,RRRLRRRLRRRRRRRRRRRRLRRRLRRRRL,4.5,False,3.772,0.0%
159,25.0,RRRRRRRLRRRRRRRRRRLRRRRRRLRLRL,4.5,False,3.7359999999999998,0.0%
160,25.0,RRRRRRRRRRRRRLRRRRLLRRRRRRRRRL,4.7,False,3.78,0.0%
161,25.0,RRRRRRRLRLRRRRRRRRRRRRRLRRRRRL,4.7,False,3.8080000000000003,0.0%
162,25.0,RRRRRRRLRRRRRRRRRRRRRRLRRRRRRL,5.0,True,3.846,2.0%
163,25.0,RRRRRRRLRRRRRRRRRRRRRRLRRRRRRL,5.0,True,3.964,4.0%
164,25.0,RRRRRRRRRRRRRLRRRRLRRRRRRRLRRR,4.9,False,3.975999999999999,0.0%
165,25.0,RRRRRRRLRRRRLRRRRRRRRRRLRRRRRL,4.7,False,3.9079999999999986,0.0%
166,25.0,RRRRRRRLRRRRLRRRRRRRRLRRRRRRRR,4.9,False,3.8959999999999995,0.0%
167,25.0,RRRRRRRLRRRRLRRRRRRRRLRRRRRRRR,4.9,False,3.8600000000000008,0.0%
168,25.0,RRRRLRLRRRRRLRRRRRRRRLRRRRRRRR,4.7,False,3.7879999999999994,0.0%
169,25.0,RRRRLRRLRRRRRRRRRRLLRRRRLRRRRR,4.5,False,3.72,0.0%
170,25.0,RRRRRRRLRRRRRLRRRRLLRRRRRRLRRL,4.3,False,3.6599999999999993,0.0%
171,25.0,RRRRRRRLRRRRRRRRRRLRRRRRRLRRLL,4.5,False,3.5840000000000005,0.0%
172,25.0,RRRRRRRLRRRRRRRRLRRRRRRRRLLRRL,4.5,False,3.552,0.0%
173,25.0,RRRRRRRLRRRRRRRRLRRRRRRRRLLRRL,4.5,False,3.5239999999999996,0.0%
174,25.0,RLRRRRRRRRRRLRRRRRRRRRRRRRRLRR,4.9,False,3.5039999999999987,0.0%
175,25.0,RLRRRRRRRRRRLRRRRRRRRRLLRRRRRL,4.5,False,3.544000000000001,0.0%
176,25.0,RLRRRRRRRRRRLRRRRRRRLRRLRRRRRL,4.5,False,3.5960000000000014,0.0%
177,25.0,RRLRLRRRRRRRRRRRRRRRRRRRRLLRRL,4.5,False,3.52,0.0%
178,25.0,RRLRLRRRRRRRRRRRRRLRRRRRRRLRRL,4.5,False,3.488000000000001,0.0%
179,25.0,RRLRLRRRRRRRRRRRRRLRRRRRRRLRRL,4.5,False,3.5679999999999996,0.0%
180,25.0,RRRRRRRLRRRRRRRRRLRRRRLRRLLRRL,4.3,False,3.6720000000000006,0.0%
181,25.0,RRRRRRRLRRRRRRRRRRRRRRLRRLLRRL,4.5,False,3.619999999999999,0.0%
182,25.0,RLRRRRRLRRRRRRRRRRLRRRRRRRLRRL,4.5,False,3.632000000000001,0.0%
183,25.0,RRRRRRRLRRRRRLRRRRLRRRRRRLLRRL,4.3,False,3.5880000000000005,0.0%
184,25.0,RRRLRRRRRRLRRRRRLLRRRRRLRRRRRL,4.3,False,3.6239999999999988,0.0%
185,25.0,RRRLLRRRRRRRRRRRRLRRRRRRRLLRRR,4.5,False,3.564000000000001,0.0%
186,25.0,RRRLLRRRRRRRRRRRRLRRRRRRRLLRRR,4.5,False,3.5880000000000005,0.0%
187,25.0,RRRLRRRRRRRRRRRRRLRRRRRRLRLRRL,4.5,False,3.5839999999999996,0.0%
188,25.0,RRRLRRRRRRRRRRRRRRRRRRLLRRLRRL,4.5,False,3.596,0.0%
189,25.0,RRRLRRRRRRRRRRRRRRRRRRLRRRRLRL,4.7,False,3.5799999999999987,0.0%
190,25.0,RRRLRRRRRRLRRLRRRLRRRLRRRRRRRR,4.5,False,3.5239999999999996,0.0%
191,25.0,RRRLRRRRRRLRRLRRRLRRRLRRRRRRRR,4.5,False,3.56,0.0%
192,25.0,RRRLRRRRRRLRRLRRRLRRLLRRRRRRRR,4.3,False,3.6520000000000006,0.0%
193,25.0,RRRLRLRRRRRRRRRRRLRRRRLRRRRRRL,4.5,False,3.671999999999999,0.0%
194,25.0,RLRLLLRRRRRRRRLRRRRRRRLRRRRRRR,4.3,False,3.6519999999999997,0.0%
195,25.0,RLRRRRRRRRRRRRLRRLRRLRLRRRRRRR,4.5,False,3.636,0.0%
196,25.0,RRRLRRRRRRLRRRRRRLLRRRLRRRRRRR,4.5,False,3.7319999999999993,0.0%
197,25.0,RRRRLRRRRRRRLRRRRRRRRRLRLRRRRR,4.7,False,3.6719999999999997,0.0%
198,25.0,RRRRRRRRRRLRRRRRRLLRRRLRRRRRRR,4.7,False,3.6079999999999997,0.0%
199,25.0,RRRRRRRRRRLRRRRRRLLRRRLRRRRRRR,4.7,False,3.615999999999999,0.0%
200,25.0,RRRRRRRRRRLRRRRRRLLRRRLRRRRRRR,4.7,False,3.556,0.0%

First generation where best rat ate the cheese: 81
