Population Size,Life Span,Max Generations,Maze Size,,,,
50,25,200,30,,,,
,,,,,,,
Current Generation,Best Rat's Starting Position,Best DNA,Best Fitness Score,Best Reached Goal,Average Fitness Score (No Winners),Average Fitness Score(Winner Inclusive),% Pop Reached Goal
1,15,LLRRRRRRLRRRRRRLRRRRLRRLL,0.25,FALSE,0.074901515,0.074901515,0.00%
2,15,RRRRRLRRLRRRRRRLRRRRLRRLL,2,TRUE,0.077386834,0.231195887,8.00%
3,15,RRRRRRRLRRLRRRRLRRRRLRRLL,2,TRUE,0.11771542,1.209440476,58.00%
4,15,RRRRRRRRLRRRRRRRRLRLRRRRL,2,TRUE,0.272727273,1.62,78.00%
5,15,RRRRRRRRLRRRRRRLLRRRRRRRL,2,TRUE,0.273809524,1.758333333,86.00%
6,15,RRRRRRRRLLRRRRRLRRRRLRRLL,2,TRUE,0.261904762,1.756666667,86.00%
7,15,RRRRRRRRLRRRLRRLRRRRLRRLL,2,TRUE,0.347222222,1.7025,82.00%
8,15,RRRRRRRRLRRRRRRRRLRRLRRLL,2,TRUE,0.266666667,1.653333333,80.00%
9,15,RRRRRRRRLRRRRRLRRRRRLRRLR,2,TRUE,0.2625,1.6525,80.00%
10,15,RRRRRRRRLRRRRRLRRRLRLRRLL,2,TRUE,0.226190476,1.751666667,86.00%
11,15,RRRRRRRRLRRRRRRLRRLRRRRLL,2,TRUE,0.28030303,1.621666667,78.00%
12,15,RRRRRRRRLRRRRRRLRLRRLRRLL,2,TRUE,0.340909091,1.635,78.00%
13,15,RRRRRRRRLRRRRRRLRRLRRRRLL,2,TRUE,0.233333333,1.646666667,80.00%
14,15,RRRRRRRRLRRRRLRRRLRRRRRLL,2,TRUE,0.25,1.65,80.00%
15,15,RRRRRLRLLRRRRRRRRRRRRRRLL,2,TRUE,0.323809524,1.765333333,86.00%
16,15,RRRRRRRRLRRLRRLLRRRRRRRLL,2,TRUE,0.388888889,1.71,82.00%
17,15,RRRRRRRRLRRRRLRRRLRRRRRLL,2,TRUE,0.388888889,1.613333333,76.00%
18,15,RRRLRRRRLRRRLRRRRRRRRRRRR,2,TRUE,0.35,1.835,90.00%
19,15,RRRRRRRRLRLRRRRLRRLRRRRLL,2,TRUE,0.361111111,1.705,82.00%
20,15,RRRRRRLRRRRLRRRRRRRRRRRLR,2,TRUE,0.333333333,1.733333333,84.00%
21,15,RRRRRLRRLRRRRRRRRRRRRRRLR,2,TRUE,0.375,1.8375,90.00%
22,15,RRRLRRRRRRRRLRRRRRRRRRRLL,2,TRUE,0.427083333,1.748333333,84.00%
23,15,RRRRRRRRRRRRRRRLRLRRRRRLL,2,TRUE,0.305555556,1.593333333,76.00%
24,15,RRRRRRLRRRRRLRRLRRRRRRRLL,2,TRUE,0.291666667,1.658333333,80.00%
25,15,RRRRRRRLRRRRRRRLRRRRRRLLR,2,TRUE,0.287037037,1.691666667,82.00%
26,15,RRRRRRRRRRRRLRRRRRRLRRRRL,2,TRUE,0.25,1.755,86.00%
27,15,RRRRRRRRLRLRRLRRRLRRRRRLL,2,TRUE,0.196428571,1.7475,86.00%
28,15,RRRRRRRRLRLRRLRRRRLRRRRRL,2,TRUE,0.268518519,1.688333333,82.00%
29,15,RRLLRRRRRRRRLRRRRRRLRRRLL,2,TRUE,0.202777778,1.568666667,76.00%
30,15,RRRRRRRRRLRRRRRLRRRRRRLRL,2,TRUE,0.311111111,1.493333333,70.00%
31,15,LRRLRRRRLRRRRRLRRRRRRRRLR,2,TRUE,0.348958333,1.735833333,84.00%
32,15,RLRRRRRRRLRRLRRRRRRRRLRLL,2,TRUE,0.305555556,1.695,82.00%
33,15,RLRLRRRRLRRRRRRRRRRRRLRRL,2,TRUE,0.284722222,1.794166667,88.00%
34,15,RLRRRRRRRRRRRRLRRRRRRLRLL,2,TRUE,0.208333333,1.713333333,84.00%
35,15,RRRRRRRRRRRRLRRRRRRRRLRLL,2,TRUE,0.326923077,1.565,74.00%
36,15,RRRRRRRRRRLRRRRRRRRRRLLRL,2,TRUE,0.270833333,1.861666667,92.00%
37,15,RRRRRRRRRRRLLRRRRRRRRLRLL,2,TRUE,0.265151515,1.618333333,78.00%
38,15,RRRRRRRRRRRRLRRLLRRRRLRLL,2,TRUE,0.302083333,1.728333333,84.00%
39,15,RLRRRRRLRRLRRRRRRRRRRLRLL,2,TRUE,0.322222222,1.496666667,70.00%
40,15,RRRRRRRLRLRRRRRRLRRRRLRRL,2,TRUE,0.321969697,1.630833333,78.00%
41,15,RRRRRRRRRRRRLRRRRRRRRLRLL,2,TRUE,0.317708333,1.730833333,84.00%
42,15,RRRRRRRRRRRRRRRRLRRRRLLLL,2,TRUE,0.28125,1.8625,92.00%
43,15,RRRRRRRRRRRRRRRRRRRRRLRRL,2,TRUE,0.35,1.835,90.00%
44,15,RRRRRRRLRRRRRRRLRRRRLLLRL,2,TRUE,0.298611111,1.591666667,76.00%
45,15,RRRRRRRRRRRRRRRRRRRLRRLRL,2,TRUE,0.238636364,1.6125,78.00%
46,15,RRRRRRRRRRRRRLRRRLRRRLLLL,2,TRUE,0.275641026,1.551666667,74.00%
47,15,RRRRRRRRLRRRRRRRRRRRRRLLL,2,TRUE,0.24537037,1.684166667,82.00%
48,15,RRRRRRRRRLRRRRRRRRLRRLRRL,2,TRUE,0.2625,1.6525,80.00%
49,15,RRLRRRRRRRRLLRRRRRRRRRRLL,2,TRUE,0.316666667,1.663333333,80.00%
50,15,RRRRRRRRLLRRRRRRRRLRRLRLR,2,TRUE,0.407407407,1.713333333,82.00%
51,15,RRRRRRRRLRRRRRLRRRRRRLRLR,2,TRUE,0.318181818,1.63,78.00%
52,15,RRRRRRRRRLRRRLRRRRRRRRLLL,2,TRUE,0.341666667,1.668333333,80.00%
53,15,RLLRRRRRRRLRRRRRRRRRRLRLR,2,TRUE,0.225,1.645,80.00%
54,15,RRRRRRRRRLRRRRRRRRRRRRLLL,2,TRUE,0.333333333,1.833333333,90.00%
55,15,RLRRRRRRRRRRRLLRRRRRRRRLL,2,TRUE,0.395833333,1.743333333,84.00%
56,15,RRRRRRLRRRLRRRRRRRRRRLRLL,2,TRUE,0.260416667,1.721666667,84.00%
57,15,RRRRRRRRRRRRRRRRLRRLRLRLL,2,TRUE,0.35,1.835,90.00%
58,15,RLRLRRRRRRRRRRRRRRRRRLRLL,2,TRUE,0.251515152,1.615333333,78.00%
59,15,RRRRRRRRRRRRRRRRRRRRRRRLR,2,TRUE,0.272435897,1.550833333,74.00%
60,15,RRRRLRRRRRRRLRRRRRRRRLLLL,2,TRUE,0.291666667,1.658333333,80.00%
61,15,RRRRRRLRRLRRRLRRRRRRRLRLL,2,TRUE,0.254166667,1.650833333,80.00%
62,15,RRRRRRLRRLRRRRRLRRRRRRRLL,2,TRUE,0.291666667,1.658333333,80.00%
63,15,RRRRRRRRRRRRLLRRRRRRRLLRR,2,TRUE,0.303030303,1.626666667,78.00%
64,15,RRRRRRRRRLRRRRRRRRLRRLRLL,2,TRUE,0.361111111,1.705,82.00%
65,15,RRRRRRRRRLRRRRRRRRLRRLRLL,2,TRUE,0.380952381,1.773333333,86.00%
66,15,RRRRRRLRRRRRRRRLRRRRRRLLL,2,TRUE,0.3125,1.73,84.00%
67,15,RRRRRRRRRRRRRRRRRRRRRLLLL,2,TRUE,0.173148148,1.671166667,82.00%
68,15,RRRRRRLRRRRRRLRRRLRRRLLRL,2,TRUE,0.25,1.685,82.00%
69,15,RRRLRRRRRLRRRRRRRRLRRLRLL,2,TRUE,0.25,1.86,92.00%
70,15,RRRRRRRRRRRRRRRRRRLRRLRRR,2,TRUE,0.259259259,1.686666667,82.00%
71,15,RRRLRRRRRLRRRRRLRRRRRLRLL,2,TRUE,0.375,1.935,96.00%
72,15,LRRRRRRRRLRRRRRRRRLRRLLRL,2,TRUE,0.3,1.66,80.00%
73,15,RRRLRRRLRRRLRRRRLRRRRLRRR,2,TRUE,0.375,1.87,92.00%
74,15,LRRRRRRRRLRRRRRRRRLRRLRLL,2,TRUE,0.428571429,1.78,86.00%
75,15,RRRRRRLRRLRRRRRRRRRRLRRRL,2,TRUE,0.354166667,1.736666667,84.00%
76,15,RRRRLRRRRRRRRRRLRRRRRLRLR,2,TRUE,0.328125,1.7325,84.00%
77,15,RRRRLRRRRRRRRRRRRRRRLLRLL,2,TRUE,0.351851852,1.703333333,82.00%
78,15,RRRRRRRRRRRRRRRRRRRLRLRLL,2,TRUE,0.279166667,1.655833333,80.00%
79,15,RRRRRRRRRRRRRRRRRRRLRLRRR,2,TRUE,0.458333333,1.815,88.00%
80,15,RRLRRRRRRLRRRRRRLRRLRLRRR,2,TRUE,0.392857143,1.775,86.00%
81,15,RRRRRRRRRRRRRRRRRRRRRLRLL,2,TRUE,0.333333333,1.666666667,80.00%
82,15,RRRRRRRRRLRRRRLLRRRRRLRRR,2,TRUE,0.3125,1.73,84.00%
83,15,RRRRRRRRRRRRRRRRRRRRRRRRR,2,TRUE,0.375,1.74,84.00%
84,15,RRRRRRRRRRRRRRLLRRRRRLRRL,2,TRUE,0.427083333,1.748333333,84.00%
85,15,LRRRRRRRRRRRRLRRRRRRRRRRL,2,TRUE,0.333333333,1.766666667,86.00%
86,15,RRRLRLRRRRRRRRRRLRRRRLRRR,2,TRUE,0.315972222,1.595833333,76.00%
87,15,RRRRRRRRRLLRRRRRRRRRLRRLL,2,TRUE,0.3125,1.73,84.00%
88,15,RRRRRRLRRRLRLRRRRRRRRRRLL,2,TRUE,0.317307692,1.5625,74.00%
89,15,RRRRRRLRRRLRRLRRRRRRRLRRR,2,TRUE,0.347222222,1.405,64.00%
90,15,LRRRRRRRRRRRRRRRLRRRRRRRL,2,TRUE,0.342948718,1.569166667,74.00%
91,15,LRRRRRRRRLRRRRRLRRRRRLRLL,2,TRUE,0.401515152,1.648333333,78.00%
92,15,RRRRRRLRRLRRRRRRRRRRRRRRL,2,TRUE,0.382352941,1.45,66.00%
93,15,RRRRRRRRRRLRLRRRRRRRRRRRR,2,TRUE,0.378787879,1.643333333,78.00%
94,15,RLRRRRRRRLRRRRRRRRRRRLRRL,2,TRUE,0.464285714,1.785,86.00%
95,15,RRRLRLRRRLRRRRRLRRRRRLRRR,2,TRUE,0.46875,1.755,84.00%
96,15,RRRRRRRRRLRRRRRRRRRRRLRRL,2,TRUE,0.333333333,1.933333333,96.00%
97,15,RRRRRRRRRRLRRRRRRRRRRLRRR,2,TRUE,0.425,1.685,80.00%
98,15,RLRRRRRLRRRRRRRLRRRRRRRLL,2,TRUE,0.395833333,1.743333333,84.00%
99,15,RLRRRRRRRRRRRRRLRRRLLLRRR,2,TRUE,0.395833333,1.743333333,84.00%
100,15,RRRRRRRRRLRRRRRRRRRRRLRRR,2,TRUE,0.333333333,1.9,94.00%
101,15,RRRRRRRRRRRRRRRRRRRRRLRRR,2,TRUE,0.5,1.76,84.00%
102,15,RRRRRLRRLLRRRRRRRRRRRLRRR,2,TRUE,0.348958333,1.735833333,84.00%
103,15,RRRLRRRLLRRRRRRLRRRRRRRLR,2,TRUE,0.395833333,1.615,76.00%
104,15,RRRLRRRRRLRRRLRRRLRRRLRRR,2,TRUE,0.398809524,1.551666667,72.00%
105,15,RLRLRRRRRLRRRRRRRRRRRRRLR,2,TRUE,0.402777778,1.616666667,76.00%
106,15,RRRRRLRRRLLLRRRRRRRRRLRRR,2,TRUE,0.392857143,1.775,86.00%
107,15,RRRRRLRRRRRRRRRRRRRRRLRRR,2,TRUE,0.340909091,1.635,78.00%
108,15,RRRRRLRRRLRRRRRRLRRLRLRRR,2,TRUE,0.5,1.85,90.00%
109,15,RLRRRRRRRLRRRRRRLRRRRRLLL,2,TRUE,0.464285714,1.785,86.00%
110,15,RLRRRRRLRRRRRLRRRRRRRRRLR,2,TRUE,0.416666667,1.683333333,80.00%
111,15,LLRRRRRRRRRLRRRRRRRRRRRRR,2,TRUE,0.392857143,1.55,72.00%
112,15,RRRRLRRRRRRLRRRRRRRRRRRRR,2,TRUE,0.317708333,1.730833333,84.00%
113,15,RRRRRRRRRRLRRRRRLRRRRRRLR,2,TRUE,0.381944444,1.805833333,88.00%
114,15,RRRRRLRRRRRRRRRRRRRRRRRLR,2,TRUE,0.416666667,1.683333333,80.00%
115,15,RRRRRRRRRLLLRRRRRRRRRRRRR,2,TRUE,0.361111111,1.705,82.00%
116,15,RRRRRRRRRRRLRRRRLRRRRRRLL,2,TRUE,0.4375,1.75,84.00%
117,15,RLRRRRRRRRRLRRRRRRLRRRRLR,2,TRUE,0.388888889,1.71,82.00%
118,15,RRRRRRRRLRLRRRRRRRLRRRRRR,2,TRUE,0.46875,1.755,84.00%
119,15,RRRRRRRRRRRLRLRRRLRRRLRRR,2,TRUE,0.371212121,1.641666667,78.00%
120,15,RRRRRRRRRRRRRRRRRRLRRLRLR,2,TRUE,0.333333333,1.8,88.00%
121,15,RRRRRRRRRLRRRRLLRRRRRRRRR,2,TRUE,0.34375,1.735,84.00%
122,15,RRRRRRRRLRLRRRRRRRLRRLRRR,2,TRUE,0.333333333,1.8,88.00%
123,15,LRRRRRRRRLRRRRRRLRRRRRRRR,2,TRUE,0.430555556,1.811666667,88.00%
124,15,RRRLRRRRRRRLRRRRRRLLRRRRL,2,TRUE,0.361111111,1.803333333,88.00%
125,15,LRRRRRRRRRRLRRRRRRLRRRRRR,2,TRUE,0.458333333,1.815,88.00%
126,15,RLRRRRRRRRRRRRRRRRLRRRRRR,2,TRUE,0.333333333,1.8,88.00%
127,15,LRRRRRRRRRRRLRRRRRLRRRRRR,2,TRUE,0.361111111,1.705,82.00%
128,15,RRRRRLRRRRRLRRRRLRRRRLLRR,2,TRUE,0.392857143,1.775,86.00%
129,15,LRRRRRRRRRRLRRRRRLRRRLLRR,2,TRUE,0.4375,1.8125,88.00%
130,15,RRRRRRRRRRRRRRRRRRRRRRRRR,2,TRUE,0.37037037,1.706666667,82.00%
131,15,RRRRRRRRRRLLRRRRRRRRRLRLL,2,TRUE,0.402777778,1.616666667,76.00%
132,15,RRRRRRRRRRRLRRLRLRRLRRRRR,2,TRUE,0.383333333,1.676666667,80.00%
133,15,RRRRRRRRRRRRRRLLRRRRRLLRR,2,TRUE,0.366666667,1.51,70.00%
134,15,RRRRRRRRRRRLRRLRLRLRRRLRR,2,TRUE,0.3125,1.73,84.00%
135,15,RRRRRRRRRLRLRLRRRRRRRLRLR,2,TRUE,0.328703704,1.699166667,82.00%
136,15,RRRRLRRRRRRRRRRLRLRRRLRRR,2,TRUE,0.444444444,1.72,82.00%
137,15,RRRRRRRRLRRRRRRRRRRRLLRRR,2,TRUE,0.429166667,1.685833333,80.00%
138,15,RRRRRRLRRRRRRLRRRRLRRRRRL,2,TRUE,0.375,1.805,88.00%
139,15,RRRRRRRRLRRRRRLRRRRRLLRRR,2,TRUE,0.416666667,1.62,76.00%
140,15,RRRRRRRRLRRRLLRRRRLRRLRRR,2,TRUE,0.4,1.84,90.00%
141,15,LRRRRRRRRRRRRLRRLRLRRRRRL,2,TRUE,0.428571429,1.78,86.00%
142,15,RRRRRLLRRRRRRRRRRRRRRRLRR,2,TRUE,0.411111111,1.523333333,70.00%
143,15,LRRRRRRLRRRRRLRRRRRRRRRRR,2,TRUE,0.435185185,1.718333333,82.00%
144,15,RRRRRRLRRRRRRRLRRLRRRLRLR,2,TRUE,0.428571429,1.78,86.00%
145,15,RRRRRLRRRRLLRRRRRLRRRLRRR,2,TRUE,0.4,1.84,90.00%
146,15,RRRRLRRRRRRRRLRRRRRRRLRRR,2,TRUE,0.416666667,1.905,94.00%
147,15,RRRRRRRRRRRRLRRRRRRRRRRRR,2,TRUE,0.333333333,1.833333333,90.00%
148,15,RRRRRLLRRRRRLRRRRRRRLRRLL,2,TRUE,0.453125,1.7525,84.00%
149,15,RRRRRLLRRRRRLRRRRRLRRRRRR,2,TRUE,0.333333333,1.9,94.00%
150,15,RRLRRRRRRRRRLLRRRRLRRRRRL,2,TRUE,0.35,1.835,90.00%
151,15,RRRRRRRRRRRRRLRRRRLRRRLRL,2,TRUE,0.425,1.685,80.00%
152,15,RRLRRRRRRRRRLRRRRRRRRRLRL,2,TRUE,0.5,1.73,82.00%
153,15,RLRRRRRRRRRRLRRRRRLRRRLRL,2,TRUE,0.395833333,1.615,76.00%
154,15,RRRRRRRRRRRRRLRRRRRRRRLRR,2,TRUE,0.425,1.685,80.00%
155,15,RRRRRRRRRLRRRRRRLRRRRLRRR,2,TRUE,0.4,1.68,80.00%
156,15,RRRRLRRRRRRRRLRRRRLRRLRRR,2,TRUE,0.441666667,1.688333333,80.00%
157,15,RRLRRRRRRRRRLRRRRLLRRRRRR,2,TRUE,0.401515152,1.648333333,78.00%
158,15,RRLRRRRRRRRRLRRRRRLRRRLRR,2,TRUE,0.319444444,1.6975,82.00%
159,15,RRRRRRRRLRRRRRLRRRLRRLRRR,2,TRUE,0.371428571,1.772,86.00%
160,15,RRRRRRRRLRRRRRLRRRLRRRRRR,2,TRUE,0.45,1.845,90.00%
161,15,RRRRLRRRRRRRRLRRRRRRRRLRR,2,TRUE,0.35,1.835,90.00%
162,15,RRRRRRRRRRLRRLRRRRRRRRLRL,2,TRUE,0.427083333,1.748333333,84.00%
163,15,RRRRRRRRLRRRRRLRRLRRRRLRR,2,TRUE,0.479166667,1.635,76.00%
164,15,RLLRRRRRRRRRRRRRRRRRRRLRR,2,TRUE,0.45,1.69,80.00%
165,15,RRRRRRRRRRLRRLRRRLRRRRRRR,2,TRUE,0.375,1.74,84.00%
166,15,RRLRRRRRRRRRRLRLRRRRRRLRR,2,TRUE,0.32,1.832,90.00%
167,15,RRRRLRRRRRLRLRRRRRRLRLRRR,2,TRUE,0.302083333,1.728333333,84.00%
168,15,RRRRRRRRRLRRRRRLRRRRRRLRR,2,TRUE,0.378205128,1.578333333,74.00%
169,15,RRRRRRRRRRLRLRRRRRRRRRLRR,2,TRUE,0.366666667,1.673333333,80.00%
170,15,RRRLRRRRRRLRLRRRRRRRRRRRR,2,TRUE,0.45,1.845,90.00%
171,15,RRRRLRRRRRRLLRRRRRRRLRRRL,2,TRUE,0.431818182,1.655,78.00%
172,15,RRLRRLLRRRRRLRRRRRRRRRLRR,2,TRUE,0.428571429,1.78,86.00%
173,15,RRRLRLRRRRRRLRRLRRRRRRLRR,2,TRUE,0.475,1.695,80.00%
174,15,RRRRRRRRLRRRLRRRRLRRRRLRR,2,TRUE,0.45,1.845,90.00%
175,15,RRLLLRRRRRRRLRRRRRRRRRRRR,2,TRUE,0.5,1.7,80.00%
176,15,RRRRLRLRRRRLLRRRRRRRRRLRR,2,TRUE,0.351851852,1.703333333,82.00%
177,15,RRRRRRRRLLRRRRRRRLRRRRRRR,2,TRUE,0.277777778,1.793333333,88.00%
178,15,RRRRLRLRRRLRLRRRRRRRRRLRR,2,TRUE,0.35,1.67,80.00%
179,15,RRRRRLRRRLLRRRRLRRRRRRRRL,2,TRUE,0.411111111,1.523333333,70.00%
180,15,LLRRRRRRRLLRRRRRRRRRRLRRR,2,TRUE,0.4,1.68,80.00%
181,15,RRRRRRRRRRRLLRRLRRRRRRRRR,2,TRUE,0.407407407,1.713333333,82.00%
182,15,RRRLLLLRRRRRRRRRRRRRRRRLR,2,TRUE,0.341666667,1.668333333,80.00%
183,15,RRRLRLRRLLRRRRRRRRRRLRRRR,2,TRUE,0.358333333,1.671666667,80.00%
184,15,RRRRRRRRRRRRRRRLRRRRRRLRR,2,TRUE,0.37797619,1.545833333,72.00%
185,15,RRRRRLRRLRLRLRRRRRRRRRRRR,2,TRUE,0.367424242,1.640833333,78.00%
186,15,LRLRRLRLLRRRRRRRRRRRRRRRR,2,TRUE,0.380952381,1.773333333,86.00%
187,15,RRRRRLRRRLLRRRRLRRRRRLRRR,2,TRUE,0.348484848,1.636666667,78.00%
188,15,RLRLRRRRRRRLLRRLRRRRRRRRR,2,TRUE,0.5,1.85,90.00%
189,15,RRRRRRRRRRRLLRRLRRRRRRRLL,2,TRUE,0.4375,1.875,92.00%
190,15,RRRRRRRRRLRRRRRLRRRRRRRRL,2,TRUE,0.5,1.85,90.00%
191,15,RRRRRRRRLRRRRRRLRRRRRRRRR,2,TRUE,0.416666667,1.778333333,86.00%
192,15,RRRRRRRRRRRLRRRRRRRRRRRRR,2,TRUE,0.458333333,1.753333333,84.00%
193,15,RRRRRLRRRLRRRRLRRRLRRRRRL,2,TRUE,0.430555556,1.623333333,76.00%
194,15,RRLRRRRLRLLRRRRRRRRRRRRRR,2,TRUE,0.380952381,1.773333333,86.00%
195,15,RLRLRRRRLRRRRRRLRRRRRRRRR,2,TRUE,0.5,1.76,84.00%
196,15,RLRRRRRRLRRLRRLRRRRRRRRRL,2,TRUE,0.458333333,1.753333333,84.00%
197,15,RRRRRLRRRLRRRRRLRRRRRRRRR,2,TRUE,0.4,1.84,90.00%
198,15,RRRRLRRLRRLRRRRRRRRRRRRRR,2,TRUE,0.365740741,1.705833333,82.00%
199,15,RRRRRRLRLRLRRRRRRRRRLRRRL,2,TRUE,0.297619048,1.761666667,86.00%
200,15,RRRRRRRLRRRRRLRLRLRRRRRRR,2,TRUE,0.45,1.845,90.00%
,,,,,,,
First generation where best rat ate the cheese: 2,,,,,,,
